2015,6.0,PARIS EST,STRASBOURG,141.720930233,430.0,0.0,29.0,24.0,1.77674418605,"",42.0,34.8571428571,3.7279069767400004,"",0.5714285714289999,0.119047619048,0.07142857142860001,0.14285714285700002,0.0952380952381,0.0,31.0,42.516129,19.0,6.0,57.142857142900006,11.9047619048,7.1428571428600005,14.2857142857,9.523809523810002,0.0
2015,6.0,PARIS LYON,MONTPELLIER,206.09210526299998,343.0,1.0,20.0,23.75,1.59356725146,"",63.0,51.1904761905,11.9415204678,Des travaux de modernisation de l'infrastructure ont perturbé la régularité de cette relation en Juin,0.274193548387,0.354838709677,0.12903225806500002,0.193548387097,0.0322580645161,0.0161290322581,63.0,51.190476200000006,26.0,14.0,27.4193548387,35.4838709677,12.903225806499998,19.3548387097,3.22580645161,1.61290322581
2015,6.0,QUIMPER,PARIS MONTPARNASSE,280.223004695,213.0,0.0,6.0,15.833333333299999,0.530516431925,"",17.0,45.411764705900005,3.64788732394,"Cette OD a été touchée le 4 par un rail cassé couplé à un affaissement caténaire à la sortie de Paris (172 TGV; 7664mn), le 5 par diverses limitations de vitesses liées aux fortes chaleurs dont une à la sortie de Paris reduisant fortement le débit des trains (82TGV; 985mn), le 26 par la rupture d'un appareil de voie en sortie de ligne grande vitesse avant Le Mans (52TGV; 923mn), le 3 par l'arrêt de sécurité d'un train dans les tunnels avant Paris (22TGV; 1035mn) lié à une presence dans les voies en sortie de gare Montparnasse (16TGV; 419mn); le 9 par un dérangement d'installation sur la branche ouest de la ligne grande vitesse (18TGV; 169mn)",0.3125,0.625,0.0,0.0,0.0625,0.0,17.0,45.411764700000006,7.0,4.0,31.25,62.5,0.0,0.0,6.25,0.0
2015,6.0,PARIS NORD,LILLE,65.5852459016,611.0,1.0,54.0,18.740740740699998,1.89836065574,"",58.0,24.965517241399997,2.04426229508,"",0.301886792453,0.169811320755,0.169811320755,0.169811320755,0.169811320755,0.0188679245283,31.0,38.483871,14.0,5.0,30.1886792453,16.9811320755,16.9811320755,16.9811320755,16.9811320755,1.88679245283
2015,6.0,PARIS LYON,LAUSANNE,178.38260869599998,115.0,0.0,4.0,15.5,0.6000000000000001,"",12.0,31.1666666667,5.60869565217,"","","","","","","",9.0,36.555555600000005,3.0,1.0,"","","","","",""
2015,6.0,MULHOUSE VILLE,PARIS LYON,167.223642173,313.0,0.0,22.0,13.9545454545,1.50479233227,"",16.0,19.9375,0.287539936102,"",0.0625,0.25,0.4375,0.0625,0.125,0.0625,11.0,23.1818182,3.0,0.0,6.25,25.0,43.75,6.25,12.5,6.25
2015,6.0,PARIS MONTPARNASSE,TOURS,80.37566137569999,189.0,0.0,18.0,32.277777777800004,3.2857142857099997,"",32.0,28.375,5.46031746032,"",0.222222222222,0.48148148148100006,0.111111111111,0.037037037037,0.111111111111,0.037037037037,14.0,52.5714286,8.0,5.0,22.2222222222,48.148148148100006,11.1111111111,3.7037037037,11.1111111111,3.7037037037
2015,6.0,RENNES,PARIS MONTPARNASSE,138.454464286,560.0,0.0,44.0,17.4772727273,1.80892857143,"",59.0,37.2203389831,3.72678571429,"",0.240740740741,0.592592592593,0.07407407407410001,0.0185185185185,0.037037037037,0.037037037037,43.0,46.325581400000004,22.0,10.0,24.074074074099997,59.2592592593,7.407407407409999,1.85185185185,3.7037037037,3.7037037037
2015,6.0,PARIS NORD,ARRAS,53.03896103899999,308.0,0.0,20.0,19.05,1.39285714286,"",26.0,18.5384615385,0.659090909091,"",0.29166666666700003,0.375,0.125,0.08333333333330001,0.125,0.0,10.0,32.5,5.0,0.0,29.1666666667,37.5,12.5,8.333333333330001,12.5,0.0
2015,6.0,LILLE,LYON PART DIEU,193.72284644200002,268.0,1.0,23.0,18.5217391304,2.1722846441900003,"",33.0,38.121212121199996,6.591760299630001,"",0.181818181818,0.151515151515,0.333333333333,0.242424242424,0.0606060606061,0.030303030303,31.0,39.8064516,14.0,6.0,18.1818181818,15.151515151500002,33.333333333300004,24.2424242424,6.06060606061,3.0303030303
2015,6.0,STUTTGART,PARIS EST,148.36328125,128.0,0.0,43.0,14.0465116279,6.328125,"",21.0,30.6666666667,5.7890625,"",0.190476190476,0.047619047619,0.5714285714289999,0.047619047619,0.047619047619,0.0952380952381,14.0,39.785714299999995,6.0,3.0,19.0476190476,4.7619047619,57.142857142900006,4.7619047619,4.7619047619,9.523809523810002
2015,6.0,PARIS MONTPARNASSE,ST PIERRE DES CORPS,67.9157303371,446.0,1.0,29.0,37.1379310345,2.6089887640400002,"",72.0,24.2777777778,4.01348314607,"",0.206349206349,0.587301587302,0.0634920634921,0.015873015873,0.0793650793651,0.047619047619,23.0,56.8695652,14.0,9.0,20.6349206349,58.7301587302,6.34920634921,1.5873015872999998,7.93650793651,4.7619047619
2015,6.0,PARIS NORD,DOUAI,71.1170731707,205.0,0.0,14.0,20.571428571400002,1.54146341463,"",19.0,19.5263157895,1.42926829268,"",0.277777777778,0.388888888889,0.111111111111,0.0,0.222222222222,0.0,10.0,29.3,4.0,0.0,27.7777777778,38.8888888889,11.1111111111,0.0,22.2222222222,0.0
2015,6.0,PARIS LYON,DIJON VILLE,96.1068376068,468.0,0.0,20.0,17.4,0.876068376068,"",20.0,24.45,1.2713675213700002,"",0.05,0.30000000000000004,0.1,0.4,0.1,0.05,15.0,28.2,4.0,1.0,5.0,30.0,10.0,40.0,10.0,5.0
2015,6.0,PARIS LYON,GRENOBLE,192.560165975,241.0,0.0,9.0,16.555555555599998,0.788381742739,"",10.0,33.9,-0.597510373444,"",0.0,0.4,0.1,0.30000000000000004,0.2,0.0,10.0,33.9,4.0,1.0,0.0,40.0,10.0,30.0,20.0,0.0
2015,6.0,PARIS LYON,MULHOUSE VILLE,166.506622517,302.0,0.0,17.0,15.7647058824,1.0298013245,"",17.0,24.1764705882,2.36092715232,"",0.176470588235,0.235294117647,0.176470588235,0.294117647059,0.117647058824,0.0,13.0,27.384615399999998,3.0,1.0,17.6470588235,23.529411764699997,17.6470588235,29.4117647059,11.7647058824,0.0
2015,6.0,PARIS EST,METZ,85.57357859529999,299.0,0.0,13.0,43.076923076899995,2.0301003344499997,"",28.0,27.6428571429,3.71906354515,"",0.48148148148100006,0.185185185185,0.07407407407410001,0.148148148148,0.037037037037,0.07407407407410001,10.0,62.0,7.0,3.0,48.148148148100006,18.5185185185,7.407407407409999,14.8148148148,3.7037037037,7.407407407409999
2015,6.0,PARIS EST,NANCY,96.7881944444,288.0,0.0,16.0,31.625,1.96180555556,"",17.0,41.823529411799996,1.6145833333300001,"",0.529411764706,0.176470588235,0.0588235294118,0.0588235294118,0.0588235294118,0.117647058824,9.0,67.66666670000001,7.0,4.0,52.941176470600006,17.6470588235,5.8823529411800015,5.8823529411800015,5.8823529411800015,11.7647058824
2015,6.0,NANCY,PARIS EST,95.78745644600001,287.0,0.0,11.0,18.636363636400002,1.11149825784,"",14.0,31.8571428571,0.28571428571400004,"",0.5714285714289999,0.14285714285700002,0.0,0.214285714286,0.0,0.07142857142860001,9.0,42.8888889,6.0,2.0,57.142857142900006,14.2857142857,0.0,21.428571428599998,0.0,7.1428571428600005
2015,6.0,PARIS LYON,BELLEGARDE (AIN),162.731759657,233.0,0.0,7.0,16.428571428599998,0.669527896996,"",27.0,21.3333333333,3.69098712446,"",0.08333333333330001,0.458333333333,0.08333333333330001,0.25,0.0416666666667,0.08333333333330001,15.0,27.7333333,4.0,0.0,8.333333333330001,45.8333333333,8.333333333330001,25.0,4.16666666667,8.333333333330001
2015,6.0,BELLEGARDE (AIN),PARIS LYON,163.70212766,236.0,1.0,31.0,17.2580645161,3.4936170212800004,"",20.0,34.4,1.7617021276599998,"",0.15,0.30000000000000004,0.25,0.2,0.1,0.0,16.0,39.9375,5.0,1.0,15.0,30.0,25.0,20.0,10.0,0.0
2015,6.0,TOULON,PARIS LYON,236.061728395,243.0,0.0,73.0,24.5205479452,8.20164609053,"",64.0,40.40625,12.2633744856,Des travaux de modernisation de l'infrastructure ont perturbé la régularité de cette relation en Juin,0.4062500000000001,0.1875,0.109375,0.15625,0.0625,0.078125,64.0,40.40625,32.0,11.0,40.625,18.75,10.9375,15.625,6.25,7.8125
2015,6.0,PARIS MONTPARNASSE,NANTES,141.91923775,554.0,3.0,47.0,23.0,2.1724137931,"",73.0,29.8630136986,4.71324863884,"",0.130434782609,0.449275362319,0.24637681159400002,0.0724637681159,0.101449275362,0.0,54.0,35.9074074,24.0,8.0,13.043478260899999,44.92753623189999,24.6376811594,7.246376811589999,10.1449275362,0.0
2015,6.0,GENEVE,PARIS LYON,171.876595745,235.0,0.0,18.0,20.555555555599998,2.5914893617,"",20.0,34.4,1.7617021276599998,"",0.15,0.30000000000000004,0.25,0.2,0.1,0.0,16.0,39.9375,5.0,1.0,15.0,30.0,25.0,20.0,10.0,0.0
2015,6.0,POITIERS,PARIS MONTPARNASSE,108.330396476,455.0,1.0,76.0,18.5394736842,4.0308370044099995,"",60.0,35.2833333333,4.47797356828,"",0.333333333333,0.333333333333,0.09259259259260001,0.111111111111,0.07407407407410001,0.0555555555556,47.0,41.3617021,25.0,10.0,33.333333333300004,33.333333333300004,9.259259259260002,11.1111111111,7.407407407409999,5.555555555560001
2015,6.0,VANNES,PARIS MONTPARNASSE,206.717573222,239.0,0.0,7.0,22.5714285714,0.878661087866,"",19.0,50.210526315799996,4.02092050209,"Cette OD a été touchée le 4 par un rail cassé couplé à un affaissement caténaire à la sortie de Paris (172 TGV; 7664mn), le 5 par diverses limitations de vitesses liées aux fortes chaleurs dont une à la sortie de Paris reduisant fortement le débit des trains (82TGV; 985mn), le 26 par la rupture d'un appareil de voie en sortie de ligne grande vitesse avant Le Mans (52TGV; 923mn), le 3 par l'arrêt de sécurité d'un train dans les tunnels avant Paris (22TGV; 1035mn) lié à une presence dans les voies en sortie de gare Montparnasse (16TGV; 419mn); le 9 par un dérangement d'installation sur la branche ouest de la ligne grande vitesse (18TGV; 169mn)",0.333333333333,0.611111111111,0.0,0.0,0.0555555555556,0.0,19.0,50.2105263,9.0,5.0,33.333333333300004,61.111111111099994,0.0,0.0,5.555555555560001,0.0
2015,6.0,PARIS LYON,ITALIE,252.06593406599998,91.0,0.0,5.0,12.8,0.846153846154,"",12.0,35.25,6.6043956044000005,"",0.166666666667,0.5,0.08333333333330001,0.25,0.0,0.0,12.0,35.25,6.0,1.0,16.6666666667,50.0,8.333333333330001,25.0,0.0,0.0
2015,6.0,REIMS,PARIS EST,48.9658536585,205.0,0.0,4.0,11.5,0.5853658536590001,"",10.0,21.5,-0.19512195122,"",0.2,0.6000000000000001,0.1,0.1,0.0,0.0,3.0,52.0,1.0,1.0,20.0,60.0,10.0,10.0,0.0,0.0
2015,6.0,MARSEILLE ST CHARLES,PARIS LYON,197.91034482799998,435.0,0.0,37.0,12.8918918919,1.3632183908000002,"",46.0,28.5,4.32183908046,"",0.28260869565200003,0.260869565217,0.108695652174,0.260869565217,0.0434782608696,0.0434782608696,46.0,28.5,14.0,0.0,28.2608695652,26.0869565217,10.8695652174,26.0869565217,4.34782608696,4.34782608696
2015,6.0,PARIS MONTPARNASSE,ST MALO,189.3125,96.0,0.0,8.0,31.375,2.8125,"",14.0,48.928571428599994,8.197916666669999,"Cette OD a été touchée le 4 par un rail cassé couplé à un affaissement caténaire à la sortie de Paris (172 TGV; 7664mn), le 5 par diverses limitations de vitesses liées aux fortes chaleurs dont une à la sortie de Paris reduisant fortement le débit des trains (82TGV; 985mn), le 26 par la rupture d'un appareil de voie en sortie de ligne grande vitesse avant Le Mans (52TGV; 923mn), le 3 par l'arrêt de sécurité d'un train dans les tunnels avant Paris (22TGV; 1035mn) lié à une presence dans les voies en sortie de gare Montparnasse (16TGV; 419mn); le 9 par un dérangement d'installation sur la branche ouest de la ligne grande vitesse (18TGV; 169mn)",0.153846153846,0.46153846153800004,0.307692307692,0.0,0.0769230769231,0.0,14.0,48.928571399999996,6.0,4.0,15.3846153846,46.1538461538,30.7692307692,0.0,7.692307692310001,0.0
2015,6.0,DUNKERQUE,PARIS NORD,125.78125,257.0,1.0,5.0,15.8,0.33203125,"",23.0,26.652173913000002,2.6953125,"",0.333333333333,0.28571428571400004,0.190476190476,0.0952380952381,0.0952380952381,0.0,16.0,32.9375,8.0,0.0,33.333333333300004,28.5714285714,19.0476190476,9.523809523810002,9.523809523810002,0.0
2015,6.0,ITALIE,PARIS LYON,253.38372093,86.0,0.0,18.0,10.8888888889,2.6279069767400003,"",7.0,22.4285714286,3.5116279069800003,"",0.0,0.28571428571400004,0.5714285714289999,0.14285714285700002,0.0,0.0,7.0,22.4285714,0.0,0.0,0.0,28.5714285714,57.142857142900006,14.2857142857,0.0,0.0
2015,6.0,ANNECY,PARIS LYON,224.18134715,193.0,0.0,1.0,27.0,0.181347150259,"",12.0,30.3333333333,2.8186528497400003,"",0.08333333333330001,0.416666666667,0.25,0.25,0.0,0.0,12.0,30.3333333,4.0,0.0,8.333333333330001,41.6666666667,25.0,25.0,0.0,0.0
2015,6.0,PARIS LYON,LYON PART DIEU,120.590686275,614.0,2.0,20.0,16.45,0.642156862745,"",50.0,24.76,2.35620915033,"",0.20833333333299997,0.29166666666700003,0.125,0.3125,0.020833333333299998,0.0416666666667,32.0,31.71875,11.0,2.0,20.8333333333,29.1666666667,12.5,31.25,2.08333333333,4.16666666667
2015,6.0,PARIS LYON,TOULON,233.12172284599998,268.0,1.0,19.0,18.0,1.4981273408200002,"",56.0,34.5,10.0374531835,Des travaux de modernisation de l'infrastructure ont perturbé la régularité de cette relation en Juin,0.2,0.34545454545500004,0.07272727272730001,0.145454545455,0.109090909091,0.127272727273,56.0,34.5,25.0,3.0,20.0,34.5454545455,7.272727272729999,14.5454545455,10.909090909100001,12.7272727273
2015,6.0,ANGERS SAINT LAUD,PARIS MONTPARNASSE,102.69323144100001,458.0,0.0,41.0,16.1219512195,2.05458515284,"",53.0,36.226415094299995,4.16812227074,"",0.08,0.56,0.2,0.06,0.08,0.02,41.0,42.878048799999995,19.0,10.0,8.0,56.00000000000001,20.0,6.0,8.0,2.0
2015,6.0,BREST,PARIS MONTPARNASSE,274.090707965,227.0,1.0,6.0,16.0,0.486725663717,"",20.0,37.8,4.1592920354,"",0.333333333333,0.666666666667,0.0,0.0,0.0,0.0,20.0,37.8,8.0,3.0,33.333333333300004,66.6666666667,0.0,0.0,0.0,0.0
2015,6.0,PARIS MONTPARNASSE,TOULOUSE MATABIAU,335.95302013400004,149.0,0.0,17.0,34.3529411765,4.19463087248,"",39.0,44.4358974359,14.073825503399998,"Cette OD a été touchée le 4 par un rail cassé couplé à un affaissement caténaire à la sortie de Paris (172 TGV; 7664mn), le 5 par diverses limitations de vitesses liées aux fortes chaleurs dont une à la sortie de Paris reduisant fortement le débit des trains (82TGV; 985mn), 2 incendies aux abords des voies entre Droué et Vendôme le 25 (48TGV; 1826mn) et le 30 (30TGV; 1773mn), le 3 par l'arrêt de sécurité d'un train dans les tunnels avant Paris (22TGV; 1035mn) lié à une presence dans les voies en sortie de gare Montparnasse (16TGV; 419mn),  le 22 par le heurt de 2 chevreuils sur la branche sud de la ligne grande vitesse (15TGV; 328mn)",0.314285714286,0.34285714285700003,0.08571428571430001,0.114285714286,0.14285714285700002,0.0,39.0,44.4358974,21.0,8.0,31.4285714286,34.2857142857,8.57142857143,11.4285714286,14.2857142857,0.0
2015,6.0,MARSEILLE ST CHARLES,LYON PART DIEU,101.286486486,556.0,1.0,46.0,18.0,1.91351351351,"",182.0,21.2252747253,10.2288288288,Des travaux de modernisation de l'infrastructure ont perturbé la régularité de cette relation en Juin,0.14835164835200002,0.5,0.07142857142860001,0.0989010989011,0.0824175824176,0.0989010989011,92.0,29.3043478,28.0,6.0,14.8351648352,50.0,7.1428571428600005,9.89010989011,8.241758241760001,9.89010989011
2015,6.0,MONTPELLIER,LYON PART DIEU,109.911214953,325.0,4.0,39.0,46.7948717949,5.9283489096599995,"",83.0,37.4578313253,12.560747663599999,Des travaux de modernisation de l'infrastructure ont perturbé la régularité de cette relation en Juin,0.16867469879500002,0.566265060241,0.144578313253,0.0602409638554,0.03614457831330001,0.0240963855422,56.0,49.410714299999995,22.0,13.0,16.8674698795,56.626506024099996,14.457831325299999,6.02409638554,3.61445783133,2.4096385542200003
2015,6.0,METZ,PARIS EST,86.044982699,289.0,0.0,29.0,13.2413793103,1.7058823529399998,"",45.0,17.555555555599998,2.96193771626,"",0.204545454545,0.181818181818,0.45454545454499995,0.113636363636,0.0,0.0454545454545,16.0,31.625,4.0,1.0,20.4545454545,18.1818181818,45.4545454545,11.3636363636,0.0,4.54545454545
2015,6.0,STRASBOURG,PARIS EST,141.782655246,467.0,0.0,61.0,14.196721311500001,2.3297644539599998,"",54.0,31.3703703704,4.01284796574,"",0.388888888889,0.12962962963,0.314814814815,0.09259259259260001,0.037037037037,0.037037037037,34.0,42.558823499999995,16.0,10.0,38.8888888889,12.962962962999999,31.4814814815,9.259259259260002,3.7037037037,3.7037037037
2015,6.0,SAINT ETIENNE CHATEAUCREUX,PARIS LYON,169.0,109.0,0.0,0.0,0.0,0.0825688073394,"",8.0,28.875,2.65137614679,"",0.125,0.5,0.125,0.25,0.0,0.0,6.0,33.6666667,2.0,1.0,12.5,50.0,12.5,25.0,0.0,0.0
2015,6.0,PARIS MONTPARNASSE,LE MANS,63.263888888900006,435.0,3.0,35.0,13.7428571429,1.37268518519,"",74.0,14.5405405405,2.5763888888900004,"",0.164179104478,0.402985074627,0.164179104478,0.044776119403,0.179104477612,0.044776119403,24.0,26.4166667,5.0,1.0,16.4179104478,40.2985074627,16.4179104478,4.4776119403,17.9104477612,4.4776119403
2015,6.0,ST PIERRE DES CORPS,PARIS MONTPARNASSE,66.7654320988,407.0,2.0,46.0,21.2608695652,3.06913580247,"",75.0,24.56,4.51111111111,"",0.238805970149,0.417910447761,0.11940298507500001,0.07462686567160001,0.05970149253730001,0.089552238806,34.0,42.7647059,18.0,7.0,23.880597014899998,41.7910447761,11.9402985075,7.4626865671600005,5.97014925373,8.9552238806
2015,6.0,TOULOUSE MATABIAU,PARIS MONTPARNASSE,340.985875706,177.0,0.0,4.0,46.75,1.29378531073,"",29.0,50.5172413793,8.796610169489998,"Cette OD a été touchée le 4 par un rail cassé couplé à un affaissement caténaire à la sortie de Paris (172 TGV; 7664mn), le 5 par diverses limitations de vitesses liées aux fortes chaleurs dont une à la sortie de Paris reduisant fortement le débit des trains (82TGV; 985mn), 2 incendies aux abords des voies entre Droué et Vendôme le 25 (48TGV; 1826mn) et le 30 (30TGV; 1773mn), le 3 par l'arrêt de sécurité d'un train dans les tunnels avant Paris (22TGV; 1035mn) lié à une presence dans les voies en sortie de gare Montparnasse (16TGV; 419mn),  le 22 par le heurt de 2 chevreuils sur la branche sud de la ligne grande vitesse (15TGV; 328mn)",0.357142857143,0.321428571429,0.107142857143,0.107142857143,0.07142857142860001,0.035714285714300006,29.0,50.517241399999996,16.0,8.0,35.7142857143,32.1428571429,10.714285714299999,10.714285714299999,7.1428571428600005,3.5714285714300003
2015,6.0,ARRAS,PARIS NORD,56.6126126126,334.0,1.0,37.0,14.648648648599998,2.13813813814,"",58.0,17.7068965517,2.88588588589,"",0.234042553191,0.276595744681,0.234042553191,0.08510638297869999,0.170212765957,0.0,22.0,31.0,8.0,1.0,23.4042553191,27.6595744681,23.4042553191,8.510638297869999,17.021276595699998,0.0
2015,6.0,ZURICH,PARIS LYON,140.90340909100001,176.0,0.0,19.0,12.4736842105,1.69886363636,"",11.0,17.1818181818,0.619318181818,"",0.0909090909091,0.272727272727,0.636363636364,0.0,0.0,0.0,6.0,20.8333333,1.0,0.0,9.090909090910001,27.2727272727,63.63636363639999,0.0,0.0,0.0
2015,6.0,PARIS LYON,LE CREUSOT MONTCEAU MONTCHANIN,79.195,200.0,0.0,6.0,13.666666666700001,0.52,"",22.0,14.6818181818,1.97,"",0.190476190476,0.333333333333,0.0952380952381,0.28571428571400004,0.0952380952381,0.0,8.0,23.5,2.0,0.0,19.0476190476,33.333333333300004,9.523809523810002,28.5714285714,9.523809523810002,0.0
2015,6.0,MACON LOCHE,PARIS LYON,98.8316326531,198.0,2.0,63.0,11.9523809524,4.85204081633,"",20.0,21.15,2.25,"",0.15,0.65,0.0,0.05,0.05,0.1,13.0,26.1538462,2.0,1.0,15.0,65.0,0.0,5.0,5.0,10.0
2015,6.0,NIMES,PARIS LYON,176.804733728,338.0,0.0,91.0,28.329670329699997,8.32840236686,"",78.0,45.7307692308,11.1715976331,Des travaux de modernisation de l'infrastructure ont perturbé la régularité de cette relation en Juin,0.205128205128,0.47435897435900004,0.128205128205,0.14102564102600001,0.025641025641,0.025641025641,63.0,53.714285700000005,27.0,17.0,20.5128205128,47.4358974359,12.8205128205,14.1025641026,2.5641025641,2.5641025641
2015,6.0,PARIS LYON,BESANCON FRANCHE COMTE TGV,128.18372093,215.0,0.0,10.0,18.7,0.990697674419,"",13.0,27.7692307692,3.6279069767400003,"",0.08333333333330001,0.25,0.166666666667,0.333333333333,0.166666666667,0.0,11.0,30.6363636,4.0,1.0,8.333333333330001,25.0,16.6666666667,33.333333333300004,16.6666666667,0.0
2015,6.0,PARIS LYON,SAINT ETIENNE CHATEAUCREUX,169.522123894,114.0,1.0,4.0,18.0,0.761061946903,"",11.0,28.4545454545,4.57522123894,"",0.181818181818,0.0909090909091,0.272727272727,0.363636363636,0.0909090909091,0.0,5.0,48.2,4.0,1.0,18.1818181818,9.090909090910001,27.2727272727,36.3636363636,9.090909090910001,0.0
2015,6.0,VALENCE ALIXAN TGV,PARIS LYON,130.391566265,249.0,0.0,104.0,22.9038461538,10.658634538200001,"",59.0,43.8305084746,10.6546184739,Des travaux de modernisation de l'infrastructure ont perturbé la régularité de cette relation en Juin,0.254237288136,0.38983050847499995,0.118644067797,0.186440677966,0.016949152542400002,0.0338983050847,50.0,49.42,18.0,10.0,25.4237288136,38.9830508475,11.8644067797,18.6440677966,1.69491525424,3.38983050847
2015,6.0,LE MANS,PARIS MONTPARNASSE,61.077006507600004,461.0,0.0,60.0,16.1,2.76572668113,"",75.0,26.026666666700002,3.86767895879,"",0.134328358209,0.671641791045,0.07462686567160001,0.029850746268700004,0.05970149253730001,0.029850746268700004,35.0,45.8285714,17.0,10.0,13.4328358209,67.1641791045,7.4626865671600005,2.9850746268700004,5.97014925373,2.9850746268700004
2015,6.0,RENNES,LYON PART DIEU,261.446808511,94.0,0.0,6.0,17.3333333333,1.63829787234,"",21.0,37.7619047619,8.92553191489,"Cette OD a été touchée le 11 par la panne d'un TGV sur le réseau Sud-Est vers Chevry Cossigny (60TGV; 1478mn), le 6 par un dérangement d'installation au Creusot (49 TGv; 1662mn), 2 accidents de personne le 2 à Lyon (44TGV; 1314mn) et le 22 à Pasilly (27TGV; 1347mn), le 24 par le heurt d'un animal sur le réseau Sud-Est vers Sully (26TGV; 660mn), le 26 par la rupture d'un appareil de voie en sortie de ligne grande vitesse avant Le Mans (52TGV; 923mn), le 3 par l'arrêt de sécurité d'un train dans les tunnels avant Paris (22TGV; 1035mn), le 9 par un dérangement d'installation sur la branche ouest de la ligne grande vitesse (18TGV; 169mn)",0.1,0.55,0.1,0.15,0.1,0.0,21.0,37.7619048,12.0,2.0,10.0,55.00000000000001,10.0,15.0,10.0,0.0
2015,6.0,PARIS EST,FRANCFORT,99.8134328358,134.0,0.0,6.0,26.6666666667,1.5074626865699998,"",12.0,32.1666666667,3.3208955223900003,"",0.5,0.166666666667,0.333333333333,0.0,0.0,0.0,10.0,36.4,6.0,1.0,50.0,16.6666666667,33.333333333300004,0.0,0.0,0.0
2015,6.0,PARIS LYON,AVIGNON TGV,161.438679245,531.0,1.0,25.0,13.44,0.766037735849,"",77.0,21.4675324675,5.349056603769999,"",0.14285714285700002,0.441558441558,0.0779220779221,0.168831168831,0.0909090909091,0.0779220779221,50.0,26.3,16.0,0.0,14.2857142857,44.1558441558,7.792207792210001,16.883116883099998,9.090909090910001,7.792207792210001
2015,6.0,CHAMBERY CHALLES LES EAUX,PARIS LYON,180.34574468099999,188.0,0.0,34.0,12.5882352941,3.07446808511,"",21.0,23.0476190476,2.8617021276599997,"",0.14285714285700002,0.28571428571400004,0.333333333333,0.23809523809500002,0.0,0.0,13.0,29.384615399999998,4.0,0.0,14.2857142857,28.5714285714,33.333333333300004,23.809523809499996,0.0,0.0
2015,6.0,ANGOULEME,PARIS MONTPARNASSE,157.128834356,328.0,2.0,43.0,15.6744186047,2.7607361963200003,"",46.0,34.0217391304,4.94478527607,"",0.302325581395,0.27906976744199996,0.13953488372099998,0.162790697674,0.06976744186049999,0.046511627907,34.0,41.6176471,18.0,7.0,30.232558139499996,27.9069767442,13.9534883721,16.2790697674,6.97674418605,4.6511627907
2015,6.0,PARIS MONTPARNASSE,LA ROCHELLE VILLE,203.366197183,213.0,0.0,17.0,34.0588235294,2.88262910798,"",24.0,44.2083333333,6.7323943662,"Cette OD a été touchée le 4 par un rail cassé couplé à un affaissement caténaire à la sortie de Paris (172 TGV; 7664mn), le 5 par diverses limitations de vitesses liées aux fortes chaleurs dont une à la sortie de Paris reduisant fortement le débit des trains (82TGV; 985mn), 2 incendies aux abords des voies entre Droué et Vendôme le 25 (48TGV; 1826mn) et le 30 (30TGV; 1773mn), le 3 par l'arrêt de sécurité d'un train dans les tunnels avant Paris (22TGV; 1035mn) lié à une presence dans les voies en sortie de gare Montparnasse (16TGV; 419mn),  le 22 par le heurt de 2 chevreuils sur la branche sud de la ligne grande vitesse (15TGV; 328mn), le 4 par un dérangement d'installation à Lusignan (15 TGV; 654mn)",0.375,0.5,0.0,0.0625,0.0625,0.0,24.0,44.2083333,13.0,6.0,37.5,50.0,0.0,6.25,6.25,0.0
2015,6.0,ST MALO,PARIS MONTPARNASSE,196.984375,97.0,1.0,1.0,23.0,0.23958333333299997,"",3.0,77.0,2.4375,"Cette OD a été touchée le 4 par un rail cassé couplé à un affaissement caténaire à la sortie de Paris (172 TGV; 7664mn), le 5 par diverses limitations de vitesses liées aux fortes chaleurs dont une à la sortie de Paris reduisant fortement le débit des trains (82TGV; 985mn), le 26 par la rupture d'un appareil de voie en sortie de ligne grande vitesse avant Le Mans (52TGV; 923mn), le 3 par l'arrêt de sécurité d'un train dans les tunnels avant Paris (22TGV; 1035mn) lié à une presence dans les voies en sortie de gare Montparnasse (16TGV; 419mn); un dérangement d'installation sur la branche ouest de la ligne grande vitesse (18TGV; 169mn)",0.333333333333,0.333333333333,0.0,0.0,0.333333333333,0.0,3.0,77.0,3.0,2.0,33.333333333300004,33.333333333300004,0.0,0.0,33.333333333300004,0.0
2015,6.0,TOURS,PARIS MONTPARNASSE,78.93,200.0,0.0,2.0,21.0,0.4,"",28.0,24.714285714299997,3.735,"",0.24,0.52,0.04,0.08,0.08,0.04,14.0,40.285714299999995,6.0,3.0,24.0,52.0,4.0,8.0,8.0,4.0
2015,6.0,LYON PART DIEU,MONTPELLIER,110.133136095,340.0,2.0,90.0,25.6111111111,7.840236686389999,"",122.0,45.0491803279,18.6656804734,Des travaux de modernisation de l'infrastructure ont perturbé la régularité de cette relation en Juin,0.165289256198,0.41322314049599995,0.181818181818,0.0909090909091,0.0909090909091,0.0578512396694,79.0,62.696202500000005,43.0,26.0,16.5289256198,41.3223140496,18.1818181818,9.090909090910001,9.090909090910001,5.78512396694
2015,6.0,BESANCON FRANCHE COMTE TGV,PARIS LYON,130.901785714,224.0,0.0,9.0,14.222222222200001,0.959821428571,"",8.0,21.625,-0.0223214285714,"",0.0,0.375,0.0,0.125,0.375,0.125,6.0,24.8333333,2.0,0.0,0.0,37.5,0.0,12.5,37.5,12.5
2015,6.0,NICE VILLE,PARIS LYON,337.625,184.0,0.0,29.0,13.8965517241,2.7554347826099996,"",44.0,50.181818181800004,13.967391304300001,Des travaux de modernisation de l'infrastructure ont perturbé la régularité de cette relation en Juin,0.45454545454499995,0.181818181818,0.06818181818180001,0.113636363636,0.0909090909091,0.0909090909091,44.0,50.1818182,28.0,12.0,45.4545454545,18.1818181818,6.818181818179999,11.3636363636,9.090909090910001,9.090909090910001
2015,6.0,PARIS MONTPARNASSE,ANGERS SAINT LAUD,104.46969697,431.0,2.0,35.0,20.571428571400002,1.9114219114200002,"",48.0,28.7708333333,3.87645687646,"",0.127659574468,0.340425531915,0.297872340426,0.063829787234,0.170212765957,0.0,34.0,35.1764706,12.0,5.0,12.7659574468,34.042553191500005,29.7872340426,6.3829787234,17.021276595699998,0.0
2015,6.0,NANTES,PARIS MONTPARNASSE,139.859680284,563.0,0.0,40.0,16.125,1.5683836589700002,"",74.0,35.6891891892,4.81172291297,"",0.1,0.485714285714,0.242857142857,0.08571428571430001,0.07142857142860001,0.0142857142857,58.0,41.91379310000001,26.0,12.0,10.0,48.571428571400006,24.285714285700003,8.57142857143,7.1428571428600005,1.42857142857
2015,6.0,PARIS MONTPARNASSE,RENNES,138.57518797,533.0,1.0,42.0,22.1428571429,2.00939849624,"",66.0,35.469696969699996,5.63721804511,"",0.206349206349,0.39682539682499995,0.14285714285700002,0.047619047619,0.15873015873,0.047619047619,45.0,45.8222222,20.0,10.0,20.6349206349,39.6825396825,14.2857142857,4.7619047619,15.873015872999996,4.7619047619
2015,6.0,PARIS LYON,VALENCE ALIXAN TGV,129.95921985799998,282.0,0.0,18.0,22.1666666667,1.60992907801,"",33.0,26.6666666667,4.14184397163,"",0.3125,0.28125,0.09375,0.25,0.03125,0.03125,19.0,37.263157899999996,9.0,4.0,31.25,28.125,9.375,25.0,3.125,3.125
2015,6.0,PARIS MONTPARNASSE,VANNES,202.72350230400002,217.0,0.0,21.0,22.238095238099998,2.5391705069099997,"",32.0,42.6875,8.08755760369,"Cette OD a été touchée le 4 par un rail cassé couplé à un affaissement caténaire à la sortie de Paris (172 TGV; 7664mn), le 5 par diverses limitations de vitesses liées aux fortes chaleurs dont une à la sortie de Paris reduisant fortement le débit des trains (82TGV; 985mn), le 26 par la rupture d'un appareil de voie en sortie de ligne grande vitesse avant Le Mans (52TGV; 923mn), le 3 par l'arrêt de sécurité d'un train dans les tunnels avant Paris (22TGV; 1035mn) lié à une presence dans les voies en sortie de gare Montparnasse (16TGV; 419mn); le 9 par un dérangement d'installation sur la branche ouest de la ligne grande vitesse (18TGV; 169mn)",0.258064516129,0.387096774194,0.12903225806500002,0.0645161290323,0.16129032258099998,0.0,32.0,42.6875,16.0,6.0,25.8064516129,38.7096774194,12.903225806499998,6.451612903230001,16.1290322581,0.0
2015,6.0,DOUAI,PARIS NORD,83.54901960779999,204.0,0.0,14.0,18.2857142857,1.5245098039200002,"",33.0,19.8181818182,2.85784313725,"",0.357142857143,0.214285714286,0.17857142857099997,0.035714285714300006,0.214285714286,0.0,14.0,33.0,7.0,0.0,35.7142857143,21.428571428599998,17.8571428571,3.5714285714300003,21.428571428599998,0.0
2015,6.0,PARIS LYON,ZURICH,141.909356725,171.0,0.0,10.0,18.0,1.2163742690100001,"",13.0,23.6923076923,3.2514619883,"","","","","","","",8.0,30.5,2.0,0.0,"","","","","",""
2015,6.0,PARIS LYON,AIX EN PROVENCE TGV,183.16590909099997,441.0,1.0,26.0,14.3846153846,1.0136363636399999,"",60.0,23.133333333299998,6.51818181818,"",0.203389830508,0.38983050847499995,0.0677966101695,0.203389830508,0.118644067797,0.016949152542400002,53.0,24.5283019,13.0,1.0,20.3389830508,38.9830508475,6.7796610169500005,20.3389830508,11.8644067797,1.69491525424
2015,6.0,LYON PART DIEU,PARIS LYON,120.363564669,635.0,1.0,71.0,11.197183098599998,2.02365930599,"",42.0,20.4523809524,1.24447949527,"",0.15,0.45,0.1,0.275,0.025,0.0,29.0,23.862069,5.0,0.0,15.0,45.0,10.0,27.500000000000004,2.5,0.0
2015,6.0,PARIS LYON,MARSEILLE ST CHARLES,197.79437229400003,463.0,1.0,24.0,12.875,0.80303030303,"",53.0,25.943396226399997,6.30952380952,"",0.22641509434,0.39622641509400003,0.056603773584900006,0.169811320755,0.11320754717,0.0377358490566,53.0,25.9433962,9.0,2.0,22.641509434,39.6226415094,5.66037735849,16.9811320755,11.320754717,3.77358490566
2015,6.0,PARIS MONTPARNASSE,ANGOULEME,162.375,318.0,2.0,20.0,36.2,2.45569620253,"",43.0,43.3255813953,6.64873417722,"Cette OD a été touchée le 4 par un rail cassé couplé à un affaissement caténaire à la sortie de Paris (172 TGV; 7664mn), le 5 par diverses limitations de vitesses liées aux fortes chaleurs dont une à la sortie de Paris reduisant fortement le débit des trains (82TGV; 985mn), 2 incendies aux abords des voies entre Droué et Vendôme le 25 (48TGV; 1826mn) et le 30 (30TGV; 1773mn), le 3 par l'arrêt de sécurité d'un train dans les tunnels avant Paris (22TGV; 1035mn) lié à une presence dans les voies en sortie de gare Montparnasse (16TGV; 419mn),  le 22 par le heurt de 2 chevreuils sur la branche sud de la ligne grande vitesse (15TGV; 328mn)",0.324324324324,0.513513513514,0.027027027027,0.027027027027,0.0810810810811,0.027027027027,27.0,61.5555556,17.0,11.0,32.4324324324,51.351351351400005,2.7027027027,2.7027027027,8.10810810811,2.7027027027
2015,6.0,LA ROCHELLE VILLE,PARIS MONTPARNASSE,199.223557692,208.0,0.0,8.0,29.0,1.18269230769,"",24.0,44.5,5.52884615385,"Cette OD a été touchée le 4 par un rail cassé couplé à un affaissement caténaire à la sortie de Paris (172 TGV; 7664mn), le 5 par diverses limitations de vitesses liées aux fortes chaleurs dont une à la sortie de Paris reduisant fortement le débit des trains (82TGV; 985mn), 2 incendies aux abords des voies entre Droué et Vendôme le 25 (48TGV; 1826mn) et le 30 (30TGV; 1773mn), le 3 par l'arrêt de sécurité d'un train dans les tunnels avant Paris (22TGV; 1035mn) lié à une presence dans les voies en sortie de gare Montparnasse (16TGV; 419mn),  le 22 par le heurt de 2 chevreuils sur la branche sud de la ligne grande vitesse (15TGV; 328mn), le 4 par un dérangement d'installation à Lusignan (15 TGV; 654mn)",0.333333333333,0.428571428571,0.0952380952381,0.047619047619,0.047619047619,0.047619047619,24.0,44.5,12.0,7.0,33.333333333300004,42.8571428571,9.523809523810002,4.7619047619,4.7619047619,4.7619047619
2015,6.0,PARIS MONTPARNASSE,POITIERS,111.357873211,491.0,2.0,26.0,41.7692307692,2.4069529652400004,"",49.0,38.693877551,4.24948875256,"",0.311111111111,0.466666666667,0.044444444444399996,0.06666666666669999,0.06666666666669999,0.044444444444399996,32.0,52.5625,21.0,11.0,31.1111111111,46.6666666667,4.44444444444,6.666666666669999,6.666666666669999,4.44444444444
2015,6.0,PARIS NORD,DUNKERQUE,122.688715953,257.0,0.0,21.0,20.428571428599998,1.84435797665,"",27.0,28.8518518519,3.2140077821,"",0.307692307692,0.38461538461499994,0.153846153846,0.0769230769231,0.0,0.0769230769231,22.0,32.4545455,11.0,1.0,30.7692307692,38.4615384615,15.3846153846,7.692307692310001,0.0,7.692307692310001
2015,6.0,FRANCFORT,PARIS EST,99.95238095239999,126.0,0.0,56.0,18.125,9.2380952381,"",30.0,36.7,10.2063492063,"",0.1,0.0333333333333,0.733333333333,0.1,0.0333333333333,0.0,25.0,41.6,12.0,5.0,10.0,3.3333333333299984,73.3333333333,10.0,3.3333333333299984,0.0
2015,6.0,PARIS MONTPARNASSE,QUIMPER,273.712820513,196.0,1.0,21.0,22.238095238099998,2.7897435897400005,"",29.0,44.827586206899994,7.45641025641,"Cette OD a été touchée le 4 par un rail cassé couplé à un affaissement caténaire à la sortie de Paris (172 TGV; 7664mn), le 5 par diverses limitations de vitesses liées aux fortes chaleurs dont une à la sortie de Paris reduisant fortement le débit des trains (82TGV; 985mn), le 26 par la rupture d'un appareil de voie en sortie de ligne grande vitesse avant Le Mans (52TGV; 923mn), le 3 par l'arrêt de sécurité d'un train dans les tunnels avant Paris (22TGV; 1035mn) lié à une presence dans les voies en sortie de gare Montparnasse (16TGV; 419mn); le 9 par un dérangement d'installation sur la branche ouest de la ligne grande vitesse (18TGV; 169mn)",0.28571428571400004,0.321428571429,0.14285714285700002,0.07142857142860001,0.17857142857099997,0.0,29.0,44.8275862,14.0,6.0,28.5714285714,32.1428571429,14.2857142857,7.1428571428600005,17.8571428571,0.0
2015,6.0,STRASBOURG,NANTES,317.618181818,55.0,0.0,2.0,10.0,0.4,"",3.0,26.6666666667,3.2545454545499997,"",0.5,0.0,0.0,0.5,0.0,0.0,3.0,26.6666667,0.0,0.0,50.0,0.0,0.0,50.0,0.0,0.0
2015,6.0,NANTES,STRASBOURG,325.67272727299996,55.0,0.0,0.0,0.0,0.363636363636,"",8.0,34.25,5.36363636364,"",0.25,0.25,0.125,0.125,0.125,0.125,8.0,34.25,4.0,1.0,25.0,25.0,12.5,12.5,12.5,12.5
2015,6.0,AVIGNON TGV,PARIS LYON,161.571553229,573.0,0.0,140.0,21.971428571399997,6.303664921469999,"",118.0,30.872881355900002,6.982547993019999,Des travaux de modernisation de l'infrastructure ont perturbé la régularité de cette relation en Juin,0.29914529914500004,0.282051282051,0.0940170940171,0.162393162393,0.111111111111,0.0512820512821,81.0,39.2592593,38.0,10.0,29.914529914499997,28.205128205100003,9.40170940171,16.2393162393,11.1111111111,5.128205128209999
2015,6.0,DIJON VILLE,PARIS LYON,97.3826086957,460.0,0.0,76.0,11.1052631579,2.77826086957,"",25.0,23.16,0.46956521739100004,"",0.08,0.32,0.24,0.16,0.12,0.08,15.0,29.933333299999997,4.0,1.0,8.0,32.0,24.0,16.0,12.0,8.0
2015,6.0,LE CREUSOT MONTCEAU MONTCHANIN,PARIS LYON,79.714953271,215.0,1.0,31.0,13.3225806452,2.8271028037400003,"",24.0,14.833333333299999,1.15887850467,"",0.17391304347800002,0.478260869565,0.08695652173910001,0.217391304348,0.0434782608696,0.0,9.0,25.3333333,2.0,0.0,17.3913043478,47.8260869565,8.69565217391,21.7391304348,4.34782608696,0.0
2015,6.0,PARIS LYON,NICE VILLE,337.53902439,206.0,1.0,17.0,18.411764705899998,1.74634146341,"",63.0,40.5714285714,16.6097560976,Des travaux de modernisation de l'infrastructure ont perturbé la régularité de cette relation en Juin,0.301587301587,0.349206349206,0.0634920634921,0.126984126984,0.0793650793651,0.0793650793651,63.0,40.571428600000004,34.0,8.0,30.1587301587,34.9206349206,6.34920634921,12.698412698399999,7.93650793651,7.93650793651
2015,6.0,PARIS LYON,NIMES,177.179300292,343.0,0.0,20.0,23.75,1.5918367346899998,"",71.0,35.7042253521,9.92419825073,Des travaux de modernisation de l'infrastructure ont perturbé la régularité de cette relation en Juin,0.267605633803,0.30985915493,0.0845070422535,0.253521126761,0.0422535211268,0.0422535211268,41.0,52.5853659,23.0,10.0,26.760563380300002,30.985915493,8.45070422535,25.352112676100006,4.22535211268,4.22535211268
2015,6.0,PARIS LYON,PERPIGNAN,302.542207792,154.0,0.0,10.0,23.2,1.75974025974,"",44.0,69.97727272729999,22.623376623400002,Des travaux de modernisation de l'infrastructure ont perturbé la régularité de cette relation en Juin,0.441860465116,0.348837209302,0.116279069767,0.046511627907,0.046511627907,0.0,44.0,69.9772727,29.0,18.0,44.1860465116,34.8837209302,11.6279069767,4.6511627907,4.6511627907,0.0
2015,6.0,PERPIGNAN,PARIS LYON,303.09420289900004,138.0,0.0,20.0,24.95,4.27536231884,"",29.0,64.3103448276,15.3115942029,Des travaux de modernisation de l'infrastructure ont perturbé la régularité de cette relation en Juin,0.241379310345,0.48275862069,0.0689655172414,0.172413793103,0.0,0.0344827586207,29.0,64.3103448,15.0,10.0,24.1379310345,48.275862069,6.896551724139999,17.2413793103,0.0,3.4482758620699996
2015,6.0,LILLE,PARIS NORD,67.704974271,586.0,3.0,37.0,14.8918918919,1.4305317324200002,"",76.0,18.5526315789,2.60034305317,"",0.268656716418,0.194029850746,0.179104477612,0.179104477612,0.11940298507500001,0.05970149253730001,30.0,33.1666667,11.0,3.0,26.8656716418,19.4029850746,17.9104477612,17.9104477612,11.9402985075,5.97014925373
2015,6.0,LYON PART DIEU,MARSEILLE ST CHARLES,102.124794745,611.0,2.0,167.0,25.2275449102,7.75041050903,"",183.0,32.0710382514,11.7405582923,Des travaux de modernisation de l'infrastructure ont perturbé la régularité de cette relation en Juin,0.12,0.365714285714,0.23428571428599998,0.10285714285700001,0.07428571428570001,0.10285714285700001,132.0,39.4545455,52.0,26.0,12.0,36.5714285714,23.4285714286,10.285714285700001,7.42857142857,10.285714285700001
2015,6.0,PARIS LYON,MACON LOCHE,95.40487804879999,205.0,0.0,7.0,14.142857142899999,0.6000000000000001,"",15.0,20.9333333333,1.7804878048800001,"",0.153846153846,0.153846153846,0.0769230769231,0.615384615385,0.0,0.0,7.0,31.2857143,3.0,1.0,15.3846153846,15.3846153846,7.692307692310001,61.5384615385,0.0,0.0
2015,6.0,GRENOBLE,PARIS LYON,192.66008771900002,228.0,0.0,6.0,8.5,0.33771929824600005,"",9.0,38.6666666667,1.1798245614,"",0.222222222222,0.222222222222,0.111111111111,0.444444444444,0.0,0.0,9.0,38.6666667,5.0,2.0,22.2222222222,22.2222222222,11.1111111111,44.4444444444,0.0,0.0
2015,6.0,PARIS MONTPARNASSE,BORDEAUX ST JEAN,215.078651685,625.0,2.0,45.0,36.6666666667,2.89085072231,"",78.0,53.1923076923,7.727126805780001,"Cette OD a été touchée le 4 par un rail cassé couplé à un affaissement caténaire à la sortie de Paris (172 TGV; 7664mn), le 5 par diverses limitations de vitesses liées aux fortes chaleurs dont une à la sortie de Paris reduisant fortement le débit des trains (82TGV; 985mn), 2 incendies aux abords des voies entre Droué et Vendôme le 25 (48TGV; 1826mn) et le 30 (30TGV; 1773mn), le 3 par l'arrêt de sécurité d'un train dans les tunnels avant Paris (22TGV; 1035mn) lié à une presence dans les voies en sortie de gare Montparnasse (16TGV; 419mn),  le 22 par le heurt de 2 chevreuils sur la branche sud de la ligne grande vitesse (15TGV; 328mn)",0.308823529412,0.544117647059,0.0147058823529,0.0588235294118,0.07352941176469999,0.0,78.0,53.19230770000001,41.0,22.0,30.8823529412,54.411764705900005,1.47058823529,5.8823529411800015,7.35294117647,0.0
2015,6.0,PARIS LYON,GENEVE,171.435897436,234.0,0.0,7.0,16.428571428599998,0.6709401709399999,"",26.0,20.8076923077,3.2521367521399998,"","","","","","","",13.0,29.0,4.0,1.0,"","","","","",""
2015,6.0,LAVAL,PARIS MONTPARNASSE,105.85087719299999,228.0,0.0,21.0,13.2857142857,1.98245614035,"",17.0,41.176470588200004,2.70614035088,"Cette OD a été touchée le 4 par un rail cassé couplé à un affaissement caténaire à la sortie de Paris (172 TGV; 7664mn), le 5 par diverses limitations de vitesses liées aux fortes chaleurs dont une à la sortie de Paris reduisant fortement le débit des trains (82TGV; 985mn), le 26 par la rupture d'un appareil de voie en sortie de ligne grande vitesse avant Le Mans (52TGV; 923mn), le 3 par l'arrêt de sécurité d'un train dans les tunnels avant Paris (22TGV; 1035mn); le 9 un dérangement d'installation sur la branche ouest de la ligne grande vitesse (18TGV; 169mn)",0.2,0.666666666667,0.0,0.0,0.06666666666669999,0.06666666666669999,14.0,47.1428571,6.0,4.0,20.0,66.6666666667,0.0,0.0,6.666666666669999,6.666666666669999
2015,6.0,PARIS EST,STUTTGART,147.8625,120.0,0.0,10.0,14.4,1.36666666667,"",16.0,36.5625,5.85,"","","","","","","",13.0,42.153846200000004,6.0,2.0,"","","","","",""
2015,6.0,LAUSANNE,PARIS LYON,180.56302521,119.0,0.0,9.0,8.22222222222,1.68907563025,"",8.0,31.625,0.7226890756300001,"",0.0,0.125,0.5,0.25,0.0,0.125,5.0,41.6,1.0,1.0,0.0,12.5,50.0,25.0,0.0,12.5
2015,6.0,PARIS LYON,CHAMBERY CHALLES LES EAUX,178.81395348799998,172.0,0.0,5.0,14.6,0.598837209302,"",22.0,28.6363636364,5.587209302330001,"",0.272727272727,0.318181818182,0.181818181818,0.227272727273,0.0,0.0,14.0,38.214285700000005,10.0,2.0,27.2727272727,31.818181818200003,18.1818181818,22.7272727273,0.0,0.0
2015,6.0,LYON PART DIEU,RENNES,262.71590909099996,88.0,0.0,55.0,14.4545454545,10.2954545455,"",27.0,31.555555555599998,12.590909090899999,"Cette OD a été touchée le 11 par la panne d'un TGV sur le réseau Sud-Est vers Chevry Cossigny (60TGV; 1478mn), le 6 par un dérangement d'installation au Creusot (49 TGv; 1662mn), 2 accidents de personne le 2 à Lyon (44TGV; 1314mn) et le 22 à Pasilly (27TGV; 1347mn), le 24 par le heurt d'un animal sur le réseau Sud-Est vers Sully (26TGV; 660mn), le 26 par la rupture d'un appareil de voie en sortie de ligne grande vitesse avant Le Mans (52TGV; 923mn), le 3 par l'arrêt de sécurité d'un train dans les tunnels avant Paris (22TGV; 1035mn), le 9 par un dérangement d'installation sur la branche ouest de la ligne grande vitesse (18TGV; 169mn)",0.111111111111,0.6296296296299999,0.111111111111,0.07407407407410001,0.037037037037,0.037037037037,27.0,31.5555556,7.0,3.0,11.1111111111,62.962962963,11.1111111111,7.407407407409999,3.7037037037,3.7037037037
2015,6.0,PARIS EST,REIMS,47.1826923077,208.0,0.0,6.0,35.0,1.23076923077,"",19.0,19.1578947368,2.35096153846,"",0.368421052632,0.210526315789,0.210526315789,0.105263157895,0.0526315789474,0.0526315789474,6.0,37.5,2.0,1.0,36.842105263200004,21.0526315789,21.0526315789,10.5263157895,5.26315789474,5.26315789474
2015,6.0,AIX EN PROVENCE TGV,PARIS LYON,183.41924778799998,452.0,0.0,70.0,15.1,3.3694690265499996,"",54.0,30.037037036999997,4.83407079646,"",0.37037037037,0.203703703704,0.09259259259260001,0.259259259259,0.037037037037,0.037037037037,53.0,30.320754700000002,17.0,2.0,37.037037037,20.3703703704,9.259259259260002,25.925925925900003,3.7037037037,3.7037037037
2015,6.0,PARIS LYON,ANNECY,222.265432099,162.0,0.0,3.0,13.0,0.382716049383,"",11.0,33.0909090909,4.956790123459999,"",0.363636363636,0.45454545454499995,0.0909090909091,0.0909090909091,0.0,0.0,11.0,33.090909100000005,3.0,1.0,36.3636363636,45.4545454545,9.090909090910001,9.090909090910001,0.0,0.0
2015,6.0,MONTPELLIER,PARIS LYON,205.19196428599997,336.0,0.0,63.0,33.5555555556,6.7678571428600005,"",62.0,54.322580645200006,11.1964285714,Des travaux de modernisation de l'infrastructure ont perturbé la régularité de cette relation en Juin,0.225806451613,0.435483870968,0.12903225806500002,0.16129032258099998,0.0161290322581,0.0322580645161,62.0,54.322580599999995,27.0,17.0,22.5806451613,43.548387096800006,12.903225806499998,16.1290322581,1.61290322581,3.22580645161
2015,6.0,BORDEAUX ST JEAN,PARIS MONTPARNASSE,212.257410296,643.0,2.0,132.0,16.6742424242,4.2074882995300005,"",89.0,44.1685393258,6.80499219969,"Cette OD a été touchée le 4 par un rail cassé couplé à un affaissement caténaire à la sortie de Paris (172 TGV; 7664mn), le 5 par diverses limitations de vitesses liées aux fortes chaleurs dont une à la sortie de Paris reduisant fortement le débit des trains (82TGV; 985mn), 2 incendies aux abords des voies entre Droué et Vendôme le 25 (48TGV; 1826mn) et le 30 (30TGV; 1773mn), le 3 par l'arrêt de sécurité d'un train dans les tunnels avant Paris (22TGV; 1035mn) lié à une presence dans les voies en sortie de gare Montparnasse (16TGV; 419mn),  le 22 par le heurt de 2 chevreuils sur la branche sud de la ligne grande vitesse (15TGV; 328mn)",0.34523809523800003,0.309523809524,0.130952380952,0.107142857143,0.08333333333330001,0.0238095238095,89.0,44.1685393,45.0,18.0,34.523809523800004,30.9523809524,13.0952380952,10.714285714299999,8.333333333330001,2.38095238095
2015,6.0,PARIS MONTPARNASSE,BREST,274.32038835,207.0,1.0,20.0,22.65,2.47087378641,"",18.0,48.7222222222,6.17475728155,"Cette OD a été touchée le 4 par un rail cassé couplé à un affaissement caténaire à la sortie de Paris (172 TGV; 7664mn), le 5 par diverses limitations de vitesses liées aux fortes chaleurs dont une à la sortie de Paris reduisant fortement le débit des trains (82TGV; 985mn), le 26 par la rupture d'un appareil de voie en sortie de ligne grande vitesse avant Le Mans (52TGV; 923mn), le 3 par l'arrêt de sécurité d'un train dans les tunnels avant Paris (22TGV; 1035mn) lié à une presence dans les voies en sortie de gare Montparnasse (16TGV; 419mn); le 9 par un dérangement d'installation sur la branche ouest de la ligne grande vitesse (18TGV; 169mn)",0.235294117647,0.41176470588200004,0.117647058824,0.117647058824,0.0588235294118,0.0588235294118,18.0,48.7222222,7.0,4.0,23.529411764699997,41.176470588200004,11.7647058824,11.7647058824,5.8823529411800015,5.8823529411800015
2015,6.0,PARIS MONTPARNASSE,LAVAL,104.039823009,227.0,1.0,7.0,30.4285714286,1.13716814159,"",20.0,26.65,2.72566371681,"",0.263157894737,0.368421052632,0.157894736842,0.0526315789474,0.157894736842,0.0,11.0,38.6363636,3.0,1.0,26.315789473699997,36.842105263200004,15.7894736842,5.26315789474,15.7894736842,0.0
